666277,78769,66278,567,695721,634492,365620,8392,940721,866398,1022690,976893,636706,346698,850165,915935,609681,1072790,466420,872585,948549,438631,70,238,223,467244,673593,637,1011985,903,508883,694,1041613,840430,157336,763215,185,101,17295,680,812,1019420,359410,1051023,929590,802219,693134,969492,792307,787699,600354,556574,313369,957304,872,510,272,10774,582,848538,967847,572802,106646,7508,640,823482,550,59440,3082,218,18148,654,530915,129,360814,560016,5915,244786,539,197,1056360,155,614,150540,1094556,961,792,73,423,359940,1366,453,77338,205,174958,264644,634649,279,76,414906,213,15121,240,242,389,975,993784,814776,705,18476,13848,18256,21786,949,1092,1417,665,9552,10004,43461,762,3014,21631,600,28916,120,105,914,76203,11778,27205,78,28,2062,10191,3175,324786,314365,77,10193,935,598,627,826,1075794,901362,1139829,940551,211672,798021,10681,581,49026,12,19,821,565770,823464,780,85,1212073,475557,1585,246127,30363,41733,12493

,,,,,,,,,,,,,,,,,,,,,,,17600,,,,,,,,,,8286,,,,,,,,,,,,,,,7399
,,,,,,,,,,,,2701,,,,,,,,,,,,,,,,,,,,,,,,,,,,,,,,,,,,
,,,,,,,,,,,,,,,,,,,,,,,,,,,,,,,,,,,,83,,,,,,,,,,,,
,,,,,5697,,,,,,,,,,,,,,6657,,,,,,,,,,,,,,,,,,,,,,,,,,,,,
,,,,,,,,,,,,,,,,,6910,,,,,,,,,,,,,,,,,,,,,,,,,,,,,,,
,,,,,,,,,,,,,,,,,,,,,24031,,,,,,,,,,,,,,,,,,,,,,,10836,,,,
,,,,,3386,,,,,,,,,,,,,,,,,,,,,,,,,,,,,,,,,,,,,,,,,,,,3833
,,,,,,,,,,,,,,,,,,,,,,,,,,1919,,,,,,,,,,,,,,,,,,,,,,,
2118,,,,,,,,,,,,,,,,,,,,,,,,,,,,,,,,,,,,,,,,,,,,,,,,,
,,,,,,,,,,,,,,,,,,,,,,,,,,,,,,,,,,,,,,,,,,,,,,,,,,2068
,,,,,,2463,,3354,,,,,,,,,,,,,,,,,,,,,,,,,,,,,,,,,,,13975,2051,,,,,,
,,,,,,,,,,,6006,,,,,,,,,,,,,,,,,8486,,,,,,,,,,,,,,,,,,,,,,
,,,,,,,,,,,,,,,,,,,,,,,,,,,,,,,,,,,,,,,,,,,,,,,,,,,14617
,,,,,,,,,,,,,,,,,,,,,,,,,,,,,,,,,,,,,,,,,,,,,,,,,,,,1713,2699
1035,,,,,,,,,,,,,,,,,,,,,,,,,,,,,,,,,,,,,,,,,,,,,,,,,,,,,
,,,,,,,,,,,,5303,,,,,,,,,,,,,,,,,,,,982,,,,,,,,,,,,,,,,,,,,,
,,,,,,,,,,,,,,,,,,,,692,,,,,,,,,,,,,,,,,,,,,,,,,,,,,,,,,,1141
,,,,,,,,,,,,,,,,,,,,,,,,,,,,,,,,,,,,,,,,,,,,,,,,,2431,,,,,
,,,,,,,,,,,,,,1477,,,,,9429,1120,,,,,,,,,,,,,,,,,,,,,,,,,,,,,7281,,,,,
,,,,,,,,1739,,2174,,,,,,,,,,,,,,,,,,,,,,,,,,,,,,,,,,,,,,,,,,,,
,,,,,,,,,,,,,,,,,,,,,,,,,,,,,,,,,,,,,,,,,,,,,,,1535,,,,,,,
,,,,,,,,,,,,,,,,,,,,,,,,,148,,,,,,,,,,,,,,,,,,,,,,,,,,,,,
,,,,,,,,,,,,2239,,,,,,,,,3414,,,,,,,,,,,,,,,,,,,,,,,,,,,,,,,,,
,,,,,,,,,,,,,,,,,,,,,,,,,,,,,,,,,,,,,,,,,,,,,,,,,,,,,,,2424
,,,,,,,,,,,,,,,,,,,,,,,,,,,,23,,,,,,,,,,,,,,,,,,,,,,,,,,,
,,,,,,,,,,,,,,,,,,,,,,,,,,,,1570,,,,,,,,,,,,,,,,,,,,,,,,,,,
,,,,,,,,,,,,,,,,,,,,,1890,,,,,,,,,,,,,,,,,,,,,,,,,,,,,,,,,,,3135
,,,,,,,,,,,,,,,,,,,,,,,,,,,,,,,,,,,,,2863,,,,,,,,,,,57,,,,368,,,,
,,,,,,,,,,,,,,,,,,,,,,,,,,,,,,711,,,,,,,,,,,5609,,,,,,,,,,,,,,,
,,,,,,,,,,,,,,,13142,,,,,,,,,,,,,,,,,,,,,,,,,,,,,,,,,,,,,,,,,
,,,,,,,,,,,,,,,,,,,,,,,,,,7098,,,,,,,,,,,,,,,,,,,,,,,,,,,,,,,7812,119
,,,,,,,,,,,,,,,,,,,,,,,,,,,,,,,,,,,,,,,,,,,3270,,,,,,,,,7438,,,,,,,4077,467
,,,,,,,,,,,,,,,,,,,,,,,,,,,,,,,,,,,,,,,,,,,,,,,,,,,,,,,,,,,,161,16
9,,,,8201,,,,,,,,,,,,,,,,,,,,,,,,,,,,,,,,,,,,,,,,,,,,,,,,,,,,,,,,,
,,,,,,,,,,,,,,,,,,,,,,,,,3626,,,,,,,,,,7329,,,,,,,,,6791,,,,,3250,,,,,,,,,,,,
6955,,,,,,,,,,,,,,,,,,,,,,,,,,,,762,,,,,,,,,,,,,,,,,,2980,,,,,,16512,,,,,,,,,
,,,,,,,,,,,6626,,89,,,,,,,,2515,,,,,,,,,,,,,,,,,,,,,,,,,,,,,,,,,,,,,,,,,10488
,,,,,,,,,,2591,,,,,,,,,,,,,,,,,,,,,,,,,,,,,,,,,,,,,,,,,,,,,,,,,,,,14,6887,3705
,,,,,,,,,16,,,,,,,,,,,,,,,,,,,,,,,,,,,,,,,,,,,,,,,,,,,,,,,,,,,,,,,
,,,,,,,,4234,,,,,,,,,,,,3765,,,,,,,,1502,,,,,,,,,,,,,,,,,,,,,,,,3237,,,,,,,,,,,,,3260
,,,,,886,,,,,17,,,,,,,,,,,,,,,,,,,,,,,,,,,,,,,,,,,,,,,,,,1969,,,,,,,,,,,,,
,,,,4861,,,,,,7538,,,,,,,,,,,,,,,,,,,,,,,,,,,,,,,,,,,,2435,,,,,,,,,,,,,,,,,,,,4525
,,,,,,,,,,,,,,,,,,,,,,,,,,,,,,,,,,,,,,,,,,,,,,,,,,,,,,,,,,,,,,,,,,,1641
,,,,,,,,,,,,,,,,,,,2087,,,,,,,6020,,,,,,,,,,,,,,,,,,,,,,,,,,,,,,,,,,,,,,,,,
,,,,,,,,,,,,,,,,,,,,,,,,,,,,,,,,,,,2535,,,,,,,,,,,,,,,,,,,,,,,,,,,,,,,,
,,,,,,,,,,,,,4066,,,,,,,,,,,,,,,,,,,,,,,,,,,,,,,,,,,,,,,,,,,,,,,,,,,,,,
,,,,,,,,,,,,,,,,,,,,,,,,,13198,10021,,,,,,,10378,,16083,,,,,,,,,,,,,,,,,,,,,,,,,,,,,,,,
310,7483,310,,,,,,,,,,,,,,,,,,,,,,,,,,,,,,,,,,,,,,,,,,,,,,,,,,,,,,,,,,,,,,,,,
,,,,,106,,,,,,,,,,,,,,,19041,,,,,,,,,,,,,880,,,,,,,,,,,,3035,,,,,,,,,,,,,,,,,,,,19485,,
,,,,,,,,,,,,,,,,,,,,,,,,,,,,,,3852,,,,,,,,,,,,,,,,,,,,,,,,,,,,,3280,,,,,,,,
,,,,,,,,,,5416,,,,,,,1917,,,,,,,,,3184,,,,,,,5366,,,,,,,,,,,,,,,,,,,,3374,,,,,,,,,,,,,,,6404
,,,,,,6301,,5736,,,,8170,,,,,,,,,,,,,,,,,,,,,,7114,,,,,,,9314,,,,,,,,,,,,,,,,,,,,,,,,,,,,13279,82
,,,,,,,,,,,,,,,,,,,,,,,,,,,,,,,,,,,142,,,,,,,,,,,,,,,,,,,,,,,,,,,,,,,,,,,,6407
,,,,,,22485,,,,,,,,,,,,,,,,,,,,,,,,,,,,,,,,,,,,,,,,,,,,,,,,,,,,,,,13264,,,,,,,,,,
,,,,,,,,,,,,,,,,,,,,25323,,,,,,,,,,,,,,,,,,,,,,,,,,,,,,,,5286,,,,,,,,,,,,,,,,,,,,4616,2054,5644
,,,,,,,,,,12675,,,,,,,,,,,,,,,,,,,,,,,,,,,,,,,,,,,,,,,,,,,,,,,,,,,,,,,,,,,,,,,,,1468,733
,,,,,,,,,,,,,,,,,,,,,,,2804,,,,,,,,,,,,,,,,,,,,,,,,6164,,,,,551,,,,,,,,,,,,,,,,,,,,,,,,,2166
310,7483,310,,,,,,,,,,,,,,,,,,,,,,,,,,,,,,,,,,,,,,,,,,,,,,,,,,,,,,,,,,,,,,,,,,,,,,,,,,,
310,7483,310,,,,,,,,,,,,,,,,,,,,,,,,,,,,,,,,,,,,,,,,,,,,,,,,,,,,,,,,,,,,,,,,,,,,,,,,,,,
,,,,,11184,,,,,,,3379,,,,,,,1172,,,,,,,,,,,,,,3249,,,,,,,,,,4224,,,,,,,,,11801,,,,,,,,,,,,,,,,,,,,,,,,,
,,,,,,,,4932,,,,,,,,,,,,,14347,,,,5163,,,6034,,,,,,,,,,,,,,,,,2451,,,,,,,,,,,,,,,,,,,,,,,,,,,,,,,,,1850
,,,,,,,,,3128,,,,,,,,,,,64018,,,,,,,,1234,,,,,,,,,,,,,,,,,,,,,,,,,,,,,,,,,,,,,,,,,,,,,,,,,,
,,,,,,,,,,,,,,,,,,,,,,,,,,5404,,2343,,,,,,,,,,,,,,,,,3204,,,,,,,,,,,,,,,,,,,,,,,,,,,,,,,,,,16628
,,,,,,,,,,,,,,,,,,,,,,,,,,,,5653,,,,,,,,,,,,,,,,,,,,,4248,,,,,,,,,,,,,,,,,,,,,,,,,,,,,,,9953
,,,,,,,,,,,,,,,,,,,,,,,,,,,,,,,,,,,,,,,,,,,,,,,,,,,,,,,,,,,,,,,,,,,,,,,,,,,,,,,,,557
,,,,,,,,,,,,,,,,,18,,,,,,,,,,,,,,,,26,,50,,,,,,,,,,,,,,,,,,,,,,,,,,,,,,,,,,,,,,,,,,,,,,,301
,,,,,,,,,,,,,,,,,,,,,,,,,,484,,,,,,,,,,,,,,,,,,,,,,,,,,,,,,,,,,,,,,,,,,,,,,,,,,,,,,,,
3567,,,,,,,,,,,,,,,,,,,,,,,,,,,,,,,,,,,,,,,,,3519,,,,,,,,,,,,,,,,,,,,,,,,,,,,,,,,,,,,,,,,,
,,,,,,1107,,,,,,,,,,,,,,,,,,,,,,,,,,,,,,,,,,,,,,,,,,,,,,,,,,,,,,,,,,,611,,,,,,,,,,,,,,,,,
,,,,,,,,,,953,,,,,,,2652,,,5018,,1752,,,,900,,,,,,,,2387,,,,,,,,766,,,,,,,,,,,,,,,,,,,,,,,,,,,,,,,,,,,,,,,4,,4948,2006
,,,,,,,,,,,,,,,,,,,,,,,,,,,,,,,,,,,,,,,,,,,,,,,,,,,,,163,,,,,,,,,,,,,,,,,,,,,,,,,,,,,,,
310,7483,310,,,,,,,,,,,,,,,,,,,,,,,,,,,,,,,,,,,,,,,,,,,,,,,,,,,,,,,,,,,,,,,,,,,,,,,,,,,,,,,,,,
,,,,,,,,,,,,,,,477,,,,,,,,,,,,,,,,,,,,,,,,,,,,,,,,,,,,,,,,,,,,,,,,,,,,,,,,,,,,,,,,,,,,,
,,,,,,,,,,,,,,,,,,,,,,,,,,,,,,,,,,,,,,,,,,,,,,,,,,,,,,,,,,,,,,,,,,,,,,,,,,,10085,,,,,,,,,
,,,,,,,,,,,,,,,,,,,,,,,,,,,,2646,,,,,,,,,,,,,,,,,,,,,,,,,,,,,,,,,,,,,,,,,,,,,,,,,,,,,,,,,7444,993
,,,,,,7558,,,,,,,,,,,,,,,,,,,,,,,,,,,,,,,,,,,,,,,,,,,,,,,,,,,,,,,,,,,,,,,,,,,,,,,,,,,,,,,,
,,,,,,20359,,,,,,,,,,,,,,,,,,,,,,,,,,,,,,,,,,,,,,,,,,,,,,6145,,,,,,,,,,,,,,,,,,,,,,,,,,,,6766,,,,,,,2068
310,7483,310,,,,,,,,,,,,,,,,,,,,,,,,,,,,,,,,,,,,,,,,,,,,,,,,,,,,,,,,,,,,,,,,,,,,,,,,,,,,,,,,,,,,,
310,7483,310,,,,,,,,,,,,,,,,,,,,,,,,,,,,,,,,,,,,,,,,,,,,,,,,,,,,,,,,,,,,,,,,,,,,,,,,,,,,,,,,,,,,,
,,,,,,,,,,,,,,,,,,,,,,,,,,,,,,,,,,,,,,,,,,,,,,,,,,,,,,,,,,,,,,,,,,,,,,,,,,,,,,,,,,,,,,,,673
,,,,,,,,,,,,,,,,,,,,,,,,,,,,,,,,452,,,,,,,,,,,,,,,,,,,,,,,,,,,,,,,,,,,,,,,,,,,55,,,,,,,,,,,,,
,,,,,,,,,,,,,12635,,,,,,,,,,,,,,,,,,,,,,,,,,,,,,,,,,,,,,,,,,,,,,,,,,,,,,,,,,,,,,,,,,,,,,,,,,,
,,,,,,,,,,,,,,,,,,,3120,,,,,,,,,,,,,,2046,,,,,,,,,,,,,,,,,,,,,,,,,,,,7481,,,,,,,,,,,,,,,,,,,,,,,,,,,,15222
,,,,,,,,,,,,,,,,,,,,,,,,,,,,,,,,,,,,,,,,,,,,,,,,,,,,,,,,,,,19,,,,,,,,,,,,,,,,,,,,,,,,,,,,,,
,,,,,,,,,,,,,,,,,,,,,,,,,,,,,,,,,,,,,,,,,,,,,,,,,,,,,,,,,,,,,,,,,,,,,,,,,,,,,,,,,,,,,,,,,,244
,,,,,,,,,,,,,1271,,,,,,,,,,,,,,,,,,,,,,,,,,,,,,,620,,,,,,,,,,,,,,,,,1115,,,,,,,,,,,,,,,,,,,,,,,,,,,,,
,,,,,,,,,,,,,,,,,4618,,,,,,,,,,,,3452,,,,,,,,,,,,,,,,,,,,,,,,,,,,,,,,,,,,,,,,,,,,,,,,,,,,,,,,,,,,,
,,,,,,,,,,,,,,,,,,,,,,,,,,,,,,,,,,,,,,,,,,,,,,,,,,,,,,,,,,,,,,,,,4966,,,,,,,,,,,,,,,,,,,,,,,,,
,,,,,,,,,,,,,2500,,,,,,,,,,,,,5317,,,,,,,,,,,,,,,12414,,,,1619,,,,,,,3285,,,,,,,,,,,,,,,,,,,,,,,,,,,,,,,,,,,,,,
,,,,,,,,,,,,,,,,,,,,,,,,,,,,,,,,,,,,,,,,,,,,,,,,,,,,,,,,,,,,,,,,,,,,,,,,,,,4067,,,,,,,,,,,,,,,,12808
,,,,,,,,,,,,,,,,,,,,,,,,,,,,,,,,,,,,,,,,,,,,,,,,,,,,,,,,,,,,,,,,,,,,,,,,,,,,,,,,,,,,,,,,,,,,211
,,,,,,,,,,,,,,,,,,,,,,,636,,,,,,,,,,,,,,,,,,,,,,,,,,,,,,,,,,,,,,,,,,,,,,,,,,,,,,,,,,,,,,,,,,,,,,100
,,,,,,,,,,5712,,,,,,,,,,,,,,,,,,,,,,,,,,,,,,,,,,,,,,,,,,,,,,,,,,,,,,,,,,,,,,,,,,,,,,,,,,,,,,,,,,,
,,,,,,,,,,2816,,,,,,,,,,,,,,,,,,,,,,,,,,,,,,,,,,,,,,,,,,,,,,,,,,,,,,,,,,,,,,,,,,,,,,,,,,,,,,,,,,,
,,,,,,,,,,1434,,,1891,5086,,,,,,,,,,,659,,,,,,,,,,,,,,,,,7549,,,1476,,,1812,,,,,3401,,,,,,,,,,,,,,,,,,,,,,,,,,,,,,,,,,,,,,,,,2980,1917,4927,2606,2718,2992,899
310,7483,310,,,,,,,,,,,,,,,,,,,,,,,,,,,,,,,,,,,,,,,,,,,,,,,,,,,,,,,,,,,,,,,,,,,,,,,,,,,,,,,,,,,,,,,,,,,,,,,,,,
,,,,,,,,,,,,,,,,,,,,,,,3283,,,,,,,,,,,3967,11555,,,,,,,,2017,1284,,,,,,,,4051,,,,,,,,,,,,,,,,,,,,,,,,,1867,,,,,,,,,,,,,,,,,,,,,,,,2049,1805,1368,416
,,,,,,,,,,,,,,,,,,,,,,,,,,,,,,,,,,,,,,,,,,,2468,,,,,,,,,,,,,,,,,,,,,,,,,,,,,,,,,,,,,,,,,,,,,,,,,,,,,,,,,,,,,
,,,,,,,,,,,,,3550,,,,,,,,,,,,,,,,,,,1951,,,,1849,,,,,2035,2148,,,,2398,,,,,,,,2754,,,,,,,,,,,,,,,,,,,,,,,,,,,,,,,,,,,,,,,,,,,,,,,,,,,1865,5650,11669,17
,,,,,,,,,,,,,,,,,,,,,,,,,,,,,,,,,,,,,,,,,,1365,,,,,,,,,,,,,,,,,,,,,,,,,,,,,,,,,,,,,,,,,,,,,,,,,,,,,,,,,,,,,,,,,,
,,,,,,,,,,,,,,,,,,,,12650,,,,,,,,,,,,7301,,,,,,,,,,,,,,,,,,,,,,,,,,,,,,,,,,,,,,,,,,,,,,,,,,,,,,,,,,,,,,,,,,,,,,,,,,,,,4300,2319,5816,10
,,,,,,,,,,,,,,,,,,,,,,,,,,,,,,,,,,,,,,,,,,,,,,,,,,,,719,,,,,,,,,,,,,,,,,,,,,,,1283,,,,,,,,,,,,,,,,,,,,,,,,,,,,,,,,,,,,,,180
310,7483,310,,,,,,,,,,,,,,,,,,,,,,,,,,,,,,,,,,,,,,,,,,,,,,,,,,,,,,,,,,,,,,,,,,,,,,,,,,,,,,,,,,,,,,,,,,,,,,,,,,,,,,,,,,,,,,,
202,,,,,,,,,,,,,,,,,,,,,,,,,,,,,,,,,,,,,,,,,,,,,,,,,,,,,,,,,,,,,,,,,,,,,,,,,,,1163,,,,,,,,,,,,,,,,,,,,,,,,,,,,,,,,,,,,,,
1232,,,,1720,,,4649,8099,,,,,,,,,,,,,,,,,,,,,,,3317,,,,,,,,,,6564,,,,,4393,,2590,3232,,,,,,,,,,2884,,1903,,,,,,,,,,,,,,,,,,,,,,,,,,,,,,,,,,,,,,,,,,,,2233,,,,,,,,,2538,4052,10450,2368,1869,2915,3217,3119,1709,1817,3803
,,,,,,,,,,,,,,,,,,,,,,,,,,,,,,,,,,,,,,,,,,,,,,,,,,,,,,,,,,,,,,,,,,,,,,,,,,,,,,,,,,,,,,,,,,,,,,,,,,,,,,,,,,,,,,,,,,,,,,,,,,,,,161
310,7483,310,,,,,,,,,,,,,,,,,,,,,,,,,,,,,,,,,,,,,,,,,,,,,,,,,,,,,,,,,,,,,,,,,,,,,,,,,,,,,,,,,,,,,,,,,,,,,,,,,,,,,,,,,,,,,,,,,,,,,,,,,,,
310,7483,310,,,,,,,,,,,,,,,,,,,,,,,,,,,,,,,,,,,,,,,,,,,,,,,,,,,,,,,,,,,,,,,,,,,,,,,,,,,,,,,,,,,,,,,,,,,,,,,,,,,,,,,,,,,,,,,,,,,,,,,,,,,
,,,,,,,,,109,,,,,,,,,,,,,,,,,,,,,,,,,,,,,,,,,,,,,,,,,,,,,,,,,,,,,,,,,,,,,,,,,,,,,,,,,,,,,,,,,,,,,,,,,,,,,,,,,,,,,,,,,,,,,,,,,,,,
,,,,,,,,,,,,,,,1538,,,,,2533,,,,,,,,,,1666,,3812,,,,,,,,,1445,,,2658,,,,,,,,,,,,,,,,,,,,,,,,,,,,,,,,,,,,,,,,,,,,,,,,,,,,,,,,,,,,,,,973,,,,,,,,,,,,,,,,,,,1465,1715
,,,,,,,,,,,,,,,,,,,,,,,,,,,,,,,,,,,,,,,,,,,,,,,,,,,,,,,,,,,,711,,,,,,,,,,,,,,,,,,,,,,,,,,,,,,,,,,,,,,,,,,,,,,,,,,,,,,,,,,,,,,,,,,,
,,,,,,,,,,,,,,,,,,,,,,,,,,,,,,,,,,,,,,,,,,,,,,,,,,,,,101,,,,,,,,,,,,,,,,,,,,,,,,,,,,,,,,,,,,,,,,,,,,,,,,,,,,,,,,,,,,,,,,,,,,,,,,,,,1636
1548,,,,,,,,,,,,,,,,,,,,,,,,,,,5166,,,,,,,,,,,,,,,,,,,,,,,,,,2888,,,,,,1498,,,,,,,,,,,,,,,,,,,,,,,,,,,,,,,,,,,,,,,,,,,,,,,,,,,,,,,,,,,,,,,,,,,,,,1668,7163,1785
310,7483,310,,,,,,,,,,,,,,,,,,,,,,,,,,,,,,,,,,,,,,,,,,,,,,,,,,,,,,,,,,,,,,,,,,,,,,,,,,,,,,,,,,,,,,,,,,,,,,,,,,,,,,,,,,,,,,,,,,,,,,,,,,,,,,,,,
,,,,,,,,,1667,,,,,,,,,,,,1911,,,,,,,,,,,,,,,,,,,,2123,,,,,,2481,,,,,16,1884,,,,,,,,,,,,,,,,,,,,,,,,,,,,,,,,,,,,,,,,,,,,,,,,,,,,,,,,,,,,,,,,,,,,,,,,,,,,2830,79,2375,2688
,,,,,,,,,,,,,,,,,,,,,,,,,,,,,,,,,,,,,,,,,,,,,,,,,,,,,,,,,,,,,,,,,,,,,,,,0,,,,,,,,,,,,,,,,,,,,,,,,,,,,,,,,,,,,,,,,,1525,,,,,,,,,,,,,,,,,,,
,,,,,,,,,,,,,,,,,,,,,,,,,,,,,,,,,,,,,,,,,,,,,,,,,,,,,,,,,,,,,,,,,,,,,,,,,,,,,,,,,,,,,,,,,,,,,,,,,,,,,,,,,,,,,,,,,,,,,,,,,,,,,,,,,,,,,150
,,,,,,,,,,,,1897,,1371,,,,,,,,,,,,,,,,,,,,,,,,,,,,,,,,,,,1347,,,,,,,,,,,946,,,,,,,,,,,,1679,,,,,,,,,,,,,,,,,,,,,,,,,,,,,,,,,,,,,,,,,1931,835,,90,2136,,1395,,,,2826,,1410,,86,1546,,1700,1705,,,3082
,,,,,,,,,,,,,,1886,,,1203,,,,,,,,,,,,,,,,,,,,,,,,,,,,,,38061,,,,,,,,,,,,,296,,,,,,,,,,,,,,,,,,,,,,,,,,,,,,,,,,3518,,,,,,,,,,,,,,,,,,,,,,,,,,,,,,,,,,,,,,,,,1621,1350
,,,,,,,,,,,,,,,,,,,,,,,,,,,,,,,,,,,,,,,,,,,,,,,628,,,,,,,,,,,,,,,,,,,,,,,,,,,,,,,,,,,,,,,,,,,,,,,,,,,,,,,,,,,,,,,,,,,,,,,,,,,,,,,,,,,,,,,,,
,,,,,,,,,,,,,,,,,,,,,,,,,,,,,,,,,,,,,,,,,,,,,,,7711,,,,,,,,,,,,,,,,,,,,,,,,,,,,,,,,,,,,,,,,,,,,,,,,,,,,,,,,,,,,,,,,,,,,,,,,,,,,,,,,,,,,,,,,,
,,,,,,,,,,,,,,,,,,,,1386,,,,,,,,,,,,,,,,,,,,,,,,,,,118761,,,,,,,,,,,,,6758,,,,,,,,,,,,,,,,,,,,,,,,,,,,,,,,,,,,,,,,,,,,,,,,,,,,,,,,,,,,,,,,,,,,,,3291,,,,,,,2
,,,,,,,,,,,,,,,,,,,,5072,,,,,,3025,,,,,,,,,,,,,,,,,,,,,,,,,,,,,,,,,,,,,,,49,,,,,,,,,,,,,,,,1250,,,,,,,,,,,,,,,,,,,,,,,,,,,,,,,,,,,,,,,,,,,,,,,,,,,,,,,,1437,703
310,7483,310,,,,,,,,,,,,,,,,,,,,,,,,,,,,,,,,,,,,,,,,,,,,,,,,,,,,,,,,,,,,,,,,,,,,,,,,,,,,,,,,,,,,,,,,,,,,,,,,,,,,,,,,,,,,,,,,,,,,,,,,,,,,,,,,,,,,,,,,
310,7483,310,,,,,,,,,,,,,,,,,,,,,,,,,,,,,,,,,,,,,,,,,,,,,,,,,,,,,,,,,,,,,,,,,,,,,,,,,,,,,,,,,,,,,,,,,,,,,,,,,,,,,,,,,,,,,,,,,,,,,,,,,,,,,,,,,,,,,,,,
,,,,,,125,,,,,,,,,,,,,,,,,,,,,,,,,,,,,,,,,,,,,,,,,,,,,,,,,,,,,,,,,,,,,,,,,,,,,,,,,,,,,,,,,,,,,,,,,,,,,,,,,,,,,,,,,,,,,,,,,,,,,,,,,,,,,,,,,,,,
,,,,,,,,,10002,,,,,,,,,,,,,,,,4523,,,,,,,,,2421,,,,,,,,18470,,,,,23963,,,,,,,,,,,,,,,,,,,,,,,,,,,,,,,,,,,,,,,,,,,,,,,,,,,,,,,,,,,,,,,,,,,,,,,,,,,,,,,,,,,,,,,,,,,
,,,,4233,,,,,,,,,,,,,,,1918,,,,,,,,,,,,,,,,,,,,,,4683,,,,,,469,,,,2669,,,,,,,,3933,,,,,,,,,,,,,,,,,,,,,,,,,,,,,,,,,,,,,,,,,,,,,,,,,,,,,,,,,,,,,,,,,,,,,,,,,,,,,,,,4657,4793
,,,,,2500,,,,,19,4363,,,,,,,,,,,,,,,,,4882,,2467,,,249,,,,,,,,,,,,,,,,,,,,,,,,,,,,,,,,,,,,,,,,3373,,,,,,,,,,3427,,,,,,,,,,,,467,,,,,,,,,,,,,,,,,,,,,,,,,,,,,,,,,,,,25212,,,,,,,,,,1017
,,,,,,,,,,,,,,,,,,,,,,,,,,,,2866,,,,,,,,,,,,,,,,,,3903,,800,,,,,,,,,,,,,,,,67,,,,,,,,,,,,,,,,,,,,,,,,,,,,,,,,,,,,,,,,,,,,,,,,,,,,,,,,,,,,,,,,,,,,,3953,,,,,,,,,2437,7715,3202,861,2085,1224,2552,4521
,,,,,,,,,,,,,,,,,,,,,,,,,,,,,,,,,,,,,,,,,,,,,,,,,,,,,,,,,,,893,,,,,,,,,,,,,,,,,,,,,,,,,,,,,,,,,,,,,,,,,,,,,,,,,,,,,,,,,,,,,,,,,,,,,,,,,,,,,,,,,,,,,,,,,,
,,,,,,,,,,,,,,,,,,,,,,,,,,,,1590,,,,,1672,,,,,,,,,,,,,,,,,,,,,,,,,,,,,,,,,,,,,,,,,,,,,,,,,,,,,,,,,,,,,,,,,,,,,,,,,,,,,,,,,,,,,,,,,,,,,,,,,,,,,,,,,,,,,,,,,,,,
,,,,,,,,,,,,,,,,,,,,,,,,,,,,164,,,,,,,,,,,,,,,,,,,,,,,,,,,,,,,,,,,,,,,,,,,,,,,,,,,,,,,,,,,,,,,,,,,,,,,,,,,,,,,,,,,,,,,,,,,,,,,,,,,,,,,,,,,,,,,,,,,,,,,,,
,,,,,,,,,4131,,,,2153,,,,,,,,,,,,,,,1239,,,,,,,,,,,,,,,1010,,,,,,,,,,,,,,,,,,,,,,,,,,,,,,,,,,,,,,,,,,,,,,,,,,,,,,,,,,,,,,,,,,,,,,,,,,,,,,,,,,,,,,,,,,,,,,,4860,,,,,,,,,,,
,,,,,,,,,,,1310,,,,128,,,,,,,,,,,,,,,,,,,,,,,,,,,,,,,,,,,,,,,,,,,,,,,,,,,,,,,,,,,,,,,,,,,,,,,,,,,,,,,,,,,,,,,,,,,,,,,,,,,,,,,,,,,,,,,,,,,,,,,,,,,,,,,,,,,,,,
,,,,,,,,,,,690,,,,,,,,,,,,,,,,,,,,,,,,,,,,,,,,,,,,,,,,,,,,,,,,,,,,,,,,,,,,,,,,,,,,,,,,,,,,,,,,,,,,,,,,,,,,,,,,,,,,,,,,,,,,,,,,,,,,,,,,,,,,,,,,,,,,,,,,,,
,,,,,,,,,908,,,,,,,,,,,,,,,,,1118,,,,,,1462,3369,,,,,,,,,,,,,1423,,,,,,,,,,,,,3235,,,,,,,,,,,,,,,,,,,,,,,,,,,,,,,,,,,,,,,,,,,,,,,,,,,,,,,,,,,,,,,,,,,,,,,,,,,,,,,,,,,,,,,,,,,1397
,,,,,,,,,908,,,,,,,,,,,,,,,,,1118,,,,,,1462,3369,,,,,,,,,,,,,1423,,,,,,,,,,,,,3235,,,,,,,,,,,,,,,,,,,,,,,,,,,,,,,,,,,,,,,,,,,,,,,,,,,,,,,,,,,,,,,,,,,,,,,,,,,,,,,,,,,,,,,,,,,1397
,,,,,,,,,,,,,,,,,,,,,,,,,,,,,,,,,,,,,,,,,,,,,,,,,,,,,,,,,,,382,,,,,,,,,,,,,,,,,,,,,,,,,,,,,,,,,,,,,,,,,,,,,,,,,,,,,,,,,,,,,,,,,,,,,,,,,,,,,,,,,,,,,,,,,,,
,,,,,,,,,,,,,,,,,,,700,,,,,,,,,,,,,,,2808,,,,,,,,,,,,,,,,,,,,,,,,,,,,,,,,,,,,,,,,,,,,,,,,,,,,,,,,,,,,,,,,1070,,,,,,,,,,,,,,,,,,,,,,,,,,,,,,,,,,,,,,,,,,,,,,,,,,,,,790
,,,,,,,,,,,,,,,,,,,,,,,,,,,,,,,,,777,,,,,,,,,,,,,,,,,,,,,,,,,,,,,,,,,,,,,,,,,,,,,,,,,,,,,,,,,,,,,,,,,,,,,,,,,,,,,,,,,,,,,,,,,,,,,,,,,,,,,,,,,,,,,,,,,,,,,,
,,,,,,,,,,,,,,,,,,,,,,,,,,,,,,,,,,,,,,,,,,,,,,,,,,,,,,,,,,,,,,,,,,,,,,,,,,,,,,,,,,,,,,,,,,,,,,,,,,,,,,,,,,,,,,,,,,,,,,,,,,,,,,,,,,,,,,,,,,,,,,,,,,,,,,,,1856
,,,,,,,,,,,,,,,,,,,,,,,,,,,,,,,,,,,,,,,,,,,368,,,,,,,,,,,,,,,,,,,,,,,,,,,,,,,,,,,,,,,,,,,,,,,,,,,,,,,,,,,,,,,,,,,,,,,,,,,,,,,,,,,,,,,,,,,,,,,,,,,,,,,,,,,,,
,,,,,,,,,,,,,,,2456,,,,,,,,,,5415,,,,,,,,,,,,,,,,,,,17854,6088,,,,,,,,,,,,,,,,,,,,,,,,,,,,,,,,,,,,,,,,,,,,,,,,,,,,,,,,,,,,,,,,,,,,,,,,,,,,,,,,,,,,,,,,,,,,,,,,,,,,,,,,,,,,2832
,,,,,1644,,,,,,,,,,,,,,,,,,,,,,,,,,,,,,,,,,,,,,,,,,,,,,,,,,,,,,,,,,,,,,,,,,,,,,,,,,,,,,,,,,,,,,,,,,,,,,,,,,,,,,,,,,,,,,,,,,,,,,,,,,,,,,,,,,,,,,,,,,,,,,,,,,,,,4987
,,,,,,,,,,,,,,,,,,,,,,,,,,,,1181,,,,,,,,,,,,,,,,,,,,,,,,,,,,,,,,,,,,,,,,,,,,,,,,,,,,,,,,,,,,,,,,,,,,,,,,,,,,,,,,,,,,,,,,,,,,,,,,,,,,,,,,,,,,,,,,,,,,,,,,,,,,,,
,,,,,,,,,,,,,,2994,,,,,,,,,,,,,,1652,,,,,,,,,,,,,,,,,,,,,,,,,,,,,,,,,,,,,,,,,,,,,,,,,,,,,,,,,,,,,,,,,,,,,,,,,,,,,,,,,,,,,,,,,,,,,,,,,,,,,,,,,,,,,,,,,,,,,,,,,,,,,,
,,,,,,4017,,,,,,,,,,,,,,,,,,,,,,,,,,,,,,,,,,,,,,,,,,,10226,,,,,,,,,,,,,,,,,,,,,,,,,,,,,,,,,,,,,,,,,,,,,,,,,,,,,,,,,,,,,,,,,,,,,,,,,,,,,,,,,,,,,,,,,,,,,,,,,,,,,,,,,
,,,,,,,,,,,578,,,,,,,,,,,,,,,,,,,,,,,,,,,,,,,,,,,,,,,,,,,,,,,,,,,,,,,,,,,,,,,,,,,,,,,,,,,,,,,,,,,,,,,,,,,,,,,,,,,,,,,,,,,,,,,,,,,,,,,,,,,,,,,,,,,,,,,,,,,,,,,
,,,,,9738,,,,,,,,,,,,,,,,,,,,,,,,,,,,,,4889,,,,,,,,,,,,,,,,,,,,,,,,,,,,,,,,,,,,,,,,,,,,,,,,,,,,,,,,,,,,,,,,,,,,,,,,,,,,,,,,,,,,,,,,,,,,,,,,,,,,,,,,,,,,,,,,,,,,,,,
,,,,,,,,,,,,,,,,,,,,,,,,,,,,,,,,,1143,,,,,,,,,,,,,,,,,,,,,,,,,,,,,,,,,,,,,,,,,,,,,,,,,,,,,,,,,,,,,,,,,,,,,,,,,,,,,,,,,,,,,,,,,,,,,,,,,,,,,,,,,,,,,,,,,,,,,,,,,
,,,,293,,,,,,,,,,,,,,,,,,,,,,,,,,,,,,,,,,,,,,,,,,,,,,,,,,,,,,,,,,,,,,,,,,,,,,,,,,,,,,,,,,,,,,,,,,,,,,,,,,,,,,,,,,,,,,,,,,,,,,,,,,,,,,,,,,,,,,,,,,,,,,,,,,,,,,
,,,,,,,,,,,,,504,,,,,,,,,,,,,,,,,,,,,,,,,,,,,,,,,,,,,,,,,,,,,,,,,,,,,,,,,,,,,,,,,,,,,,,,,,,,,,,,,,,,,,,,,,,,,,,,,,,,,,,,,,,,,,,,,,,,,,,,,,,,,,,,,,,,,,,,,,,,,
,,,,,,,,,,,,,987,,,,,,,,,,,,,,,,,,,,,,,,,,,,,,,,,,,,,,,,,,,,,,,,,,,,,,,,,,,,,,,,,,,,,,,,,,,,,,,,,,,,,,,,,,,,,,,,,,,,,,,,,,,,,,,,,,,,,,,,,,,,,,,,,,,,,,,,,,,,,
310,7483,310,,,,,,,,,,,,,,,,,,,,,,,,,,,,,,,,,,,,,,,,,,,,,,,,,,,,,,,,,,,,,,,,,,,,,,,,,,,,,,,,,,,,,,,,,,,,,,,,,,,,,,,,,,,,,,,,,,,,,,,,,,,,,,,,,,,,,,,,,,,,,,,,,,,,,,,,
310,7483,310,,,,,,,,,,,,,,,,,,,,,,,,,,,,,,,,,,,,,,,,,,,,,,,,,,,,,,,,,,,,,,,,,,,,,,,,,,,,,,,,,,,,,,,,,,,,,,,,,,,,,,,,,,,,,,,,,,,,,,,,,,,,,,,,,,,,,,,,,,,,,,,,,,,,,,,,
,,,,,,,,,,,,,,,,,,,,,,,,,,,,,,,,,,,,,,,,,,,,,,,,,,,,5468,,,,,,,,,,,,,,,,,,,,,,,,,,,,,,,,,,,,,,,,,,,,,,,,,,,,,,,,,,,,,,,,,,,,,,,,,,,,,,,,,,,,,,,,,,,,,,,,,,,,,,
3398,,,,9201,,,,,,,,,,,,1005,1038,,,,,,,,,,,,,,,,,,,,,,,,,,,2096,,,,,1338,,,,,,,,,,,,,,,,,,,,,,,,,,,,,,,,,,,,,,,,,,,,,,,,,,,,,,,,,,,,,,,,,,,,,,,,,,,,,,,,,,,,,,,,,,,,,,,,,,,,,,,,,,3906,3672
,,,,,,243,,,,,,,1859,,,,,,,,,,,,,,,3865,,4839,,2649,,36,,,,,,,234,,,,,2432,,562,,,,,,,,,,,,,,,,,,,,,,,,,,,,,,,,,,,2933,,,,,,,,,,,,,,,,,,,,,,,,3824,,,,,,,,,,,,,,,,,,,,,,,2927,,,,,,,,,,,,,,,,,,,,,,,,,,,3540
,,,,,,396,,,506,,,,2000,,,,,,,,4419,,,,,,,,,,,,,,,,,,,,2956,,,,,,,,,,,,,,,,,,,,,,,,,,,,,,,,,,,,,,,,3467,,,,,,,,,,,,,,,,,,,,,,,,,,,,,,,,,,,,,,,,,,,,,,,,69,,,,,,,1232,,,3033,,,,,,,,,,,,,,,,,,,2816,2799,2329
,,,,,,,,,,,,,,,,,,,,,,,,,,,,,,,,,,,,,,,,,,,,,,,,,,,,,,,,,,,,,,,,,,,,,,,,,,,,,,,,,,,,,,,,,,,,,,,,,,,,,,,,,,,,,,,,,,,,,,,,,,,,,,,,,,,,,,,,,,,,,,,,,,,,,,,,,,,,,62,,,
,,,,,,,,,,,4703,,,,,,,,,,3382,,,,,,,,,2044,,,,,232,,,,,,,,,,,,,,,,,,,,,,,,,4733,,,,,,,,,,,,,,,,,,,,,,,,,,,,,,,,,,,,,,,,,,,,,,,,,,,,,,,,,,,,,,,,,,,,,,,,,,,,,,,,,,,,,,,,,,,,,,,,,,,,,43,1467,1703,1499,3111
,,,,,,,,,,,,,,,,,,,,,,,,,,,,,,,,,2533,,,,,,,,2121,,,,,,,,2630,,,6337,,,,,,,,,,,,,,,,,,,,,,,,,,,,,,,,,,,,,,,,,,,,,,,,,,,,,,,,,,,,,,,,,,,,,,,,,,,,,,,,,,,,,,2971,,1992,,1626,,1950,,2128,,3650,,2035,3294,,2078,,,,,,,,,,,,,3282
310,7483,310,,,,,,,,,,,,,,,,,,,,,,,,,,,,,,,,,,,,,,,,,,,,,,,,,,,,,,,,,,,,,,,,,,,,,,,,,,,,,,,,,,,,,,,,,,,,,,,,,,,,,,,,,,,,,,,,,,,,,,,,,,,,,,,,,,,,,,,,,,,,,,,,,,,,,,,,,,,,,,,,,,,,
